sqft,bedrooms,bathrooms,condition,floor,grade,price
1360,5,2.9,3,2,12,465164
4272,5,3.6,4,3,13,887236
3592,2,3.4,2,1,10,708420
966,4,2.3,3,3,10,329109
4926,1,1.6,1,2,13,915092
3944,1,2.5,5,1,12,781615
3671,1,3.2,2,2,5,694411
3419,2,2.3,4,1,10,723252
630,2,3.0,2,3,4,204916
2185,3,1.3,4,2,2,404489
1269,1,3.2,2,2,4,293911
2891,4,3.4,4,1,12,676431
2933,4,3.1,3,1,8,622122
1684,1,3.9,1,2,5,372091
3885,1,3.5,3,1,5,687309
4617,1,3.7,1,2,13,854872
3404,2,3.8,3,1,12,705505
974,2,3.4,3,3,12,386388
1582,2,3.0,2,1,10,424019
3058,5,1.0,5,3,3,583869
2547,4,2.4,4,1,13,625645
3247,4,2.7,4,1,8,644792
1475,3,1.9,4,2,6,366885
2306,2,2.0,1,1,2,388172
689,5,3.9,4,1,2,261770
3234,5,3.7,4,3,9,714790
3505,4,3.5,2,1,13,766916
2399,2,2.2,3,2,7,527202
1767,3,1.0,4,3,10,454569
2028,2,1.2,5,2,9,439021
3702,1,1.9,4,2,6,703454
4056,2,1.0,1,2,5,700210
4390,1,1.1,1,2,12,776597
1146,1,3.7,1,3,1,259224
3388,3,3.1,4,1,12,740642
2935,4,1.9,2,2,6,564472
1100,2,1.4,5,3,6,326657
2863,1,2.5,4,2,3,514483
2561,2,1.0,2,1,3,452528
741,4,3.8,2,3,3,243855
2541,4,2.2,4,3,3,478970
3324,5,2.2,4,1,7,654737
3112,4,2.2,2,3,10,644562
1863,3,1.2,2,1,11,447847
1978,1,2.9,2,3,2,329170
3056,5,3.2,4,3,10,699731
1275,3,3.0,2,1,13,423383
4514,2,1.4,1,1,10,849729
534,1,2.7,4,3,2,149766
3652,4,2.7,1,3,3,666443
2455,1,3.6,3,1,10,569078
2085,2,2.1,4,1,12,527799
4443,5,2.1,3,3,7,871528
3573,5,2.9,2,3,3,680504
1521,5,2.9,2,3,7,409530
3961,4,2.4,5,1,9,756991
3113,3,2.3,2,3,11,681747
4343,3,2.5,3,2,10,830743
2000,1,3.6,2,1,12,497678
661,4,2.4,4,3,11,313493
4797,5,3.8,2,1,4,831656
2481,5,2.5,5,2,7,544420
1495,2,3.8,2,1,9,413327
3842,2,3.5,3,3,8,751828
4298,5,2.1,3,2,8,836436
1775,5,3.6,2,2,9,491926
1516,4,1.3,3,3,5,344435
837,3,3.8,3,3,5,276246
1378,2,2.9,5,3,3,331376
1576,3,1.2,4,1,5,372869
4493,4,2.9,5,1,8,860768
879,5,3.9,1,1,12,332728
992,3,1.2,5,3,5,276836
2562,5,2.7,2,3,4,548465
4384,5,3.2,4,1,8,885740
564,1,3.4,2,2,7,237211
3068,3,2.2,1,1,6,561480
2527,3,1.6,4,2,5,500922
3195,5,1.1,3,3,5,629251
1995,4,2.7,5,3,13,561074
891,1,2.4,2,1,10,302791
4974,5,3.8,1,1,2,876067
4061,2,1.2,3,3,13,818320
2778,2,3.1,5,1,4,538388
3599,1,1.1,3,3,8,674042
700,4,1.5,5,3,8,296495
3604,5,2.4,4,2,11,774132
2954,3,2.4,3,1,1,549081
4145,1,3.1,3,3,2,733728
1304,4,3.7,3,1,5,338126
3231,3,2.9,4,2,9,674501
3273,2,3.9,1,2,10,662265
2070,2,3.6,5,1,11,516710
3190,3,2.8,3,1,12,665123
4340,1,3.5,4,3,13,879399
1528,2,2.9,1,2,11,374396
1002,5,1.2,5,2,7,331645
4993,3,3.2,4,2,10,953256
1370,3,1.3,5,1,5,371043
4988,2,2.8,3,3,1,840107
706,1,3.1,1,1,6,226302
1984,5,1.2,4,1,12,522250
1363,1,1.7,1,1,8,325020
3290,4,3.7,3,3,7,688496
1063,4,2.8,1,1,2,289338
4691,2,1.7,1,2,12,874799
2257,2,3.1,2,2,5,494955
2178,2,2.8,1,2,11,476117
3742,4,2.5,5,3,4,744869
1559,1,3.9,4,1,9,379586
2222,1,3.1,2,3,10,535843
3814,2,2.1,4,1,1,619270
3657,5,3.4,4,2,12,835161
3125,1,3.7,3,1,6,615467
3229,4,1.4,3,1,3,574452
2097,3,1.6,2,1,11,528852
3560,3,1.6,3,3,9,680222
3193,3,3.1,3,1,5,618902
4127,5,2.8,3,1,13,911144
1863,2,2.9,4,1,6,433860
2481,4,3.8,2,3,11,557629
2163,5,3.3,4,3,9,537484
2029,4,1.4,5,3,9,482114
2538,4,2.0,4,1,8,557470
3802,2,2.3,5,2,9,744911
2737,3,2.2,1,2,4,535467
1806,2,3.0,1,2,6,376338
4529,5,3.7,5,1,5,851891
3175,5,1.9,5,2,5,641986
1782,5,2.7,4,2,4,408557
1209,2,3.4,5,2,2,325268
4913,4,2.2,2,1,12,928107
4248,4,1.5,1,2,6,773566
1163,1,2.4,1,2,9,319350
2498,5,1.2,5,1,12,570406
3945,4,3.8,3,3,1,723959
4243,1,1.2,3,2,7,729211
1995,4,2.3,5,3,6,458877
3804,5,2.6,2,2,3,706205
4263,3,4.0,3,1,1,728903
2353,5,1.5,5,3,13,601920
1791,2,1.3,2,3,4,372357
4081,4,1.0,2,3,9,786790
3957,4,1.5,4,3,2,705099
2136,2,1.6,2,2,3,387386
4196,2,2.9,3,2,2,733898
3499,3,1.7,3,3,2,636811
3652,4,1.1,5,2,10,711493
1198,4,3.5,5,3,11,393983
2660,3,2.1,2,3,11,584578
4597,1,2.1,1,1,8,811623
1354,3,1.9,4,3,3,320276
3974,5,3.9,1,2,7,779766
2207,4,1.5,2,3,8,495749
3277,2,3.7,2,1,3,634486
2233,5,3.3,1,2,2,476217
4010,4,1.2,4,1,13,813623
702,3,4.0,1,1,13,311165
3755,5,1.8,5,3,8,739810
4718,4,1.3,3,1,3,832034
4996,1,3.5,5,1,7,900530
1266,1,3.1,3,2,12,368044
4889,2,2.9,2,1,1,861810
2827,4,1.5,4,3,12,666039
3431,1,2.4,1,3,6,632160
697,3,3.3,4,3,12,311396
2430,4,1.9,1,1,12,575467
4082,3,1.9,5,2,13,821998
1108,3,1.0,5,3,9,352970
3772,1,1.5,1,1,12,716518
1647,4,3.6,4,3,3,432957
4782,5,2.3,1,3,7,875425
3897,1,4.0,2,2,13,847844
3011,1,2.2,5,3,6,592551
2294,4,3.1,2,2,8,554286
1159,4,1.8,5,1,3,288047
3311,3,2.1,5,3,3,595922
1869,4,1.6,3,1,4,356225
2486,3,2.0,2,1,3,501432
646,1,2.6,2,1,9,250260
3719,2,4.0,3,3,11,746898
3411,5,3.0,4,2,4,699014
2234,1,1.6,2,3,6,471219
2343,4,1.1,1,1,8,523597
988,5,1.4,3,2,11,323404
3476,2,2.7,2,1,13,749828
2459,2,3.3,4,2,8,552030
2885,3,3.8,2,3,5,617302
3419,5,1.0,5,2,5,669704
2302,3,2.6,1,3,6,491760
4561,1,2.4,3,1,10,873349
3869,5,3.0,5,2,7,793387
762,1,2.7,4,1,13,339435
1123,3,3.1,5,2,13,396189
1516,5,3.0,5,3,10,452951
4143,3,1.4,4,2,7,733773
2549,5,3.4,5,2,13,633147
4223,3,1.4,3,3,4,764257
3608,2,3.1,2,3,6,697983
4590,3,2.2,5,3,7,835909
2556,2,2.5,3,2,5,537546
3670,3,3.7,2,1,5,758461
2182,5,3.7,2,2,2,450745
2755,5,3.5,5,2,7,612632
1654,5,2.5,3,1,12,461168
4999,4,3.2,5,3,6,929952
3691,1,2.5,4,2,11,742628
2196,5,3.6,2,1,1,442453
4491,2,2.2,5,3,4,795111
2148,5,3.9,2,3,3,481444
1945,4,3.8,3,2,12,539182
4699,2,3.2,1,3,3,846179
4423,4,1.8,5,3,7,834160
753,2,1.4,5,1,11,280713
3683,3,3.6,2,1,12,783376
3057,1,1.5,3,3,10,623053
598,1,3.6,4,1,4,212843
2700,4,2.5,3,3,12,636200
3461,1,2.2,5,2,8,665487
4933,4,3.7,4,1,11,957842
4277,4,2.8,3,3,9,799563
3369,4,2.7,1,3,3,623291
3734,1,2.7,2,1,5,638349
4291,4,2.1,3,1,4,760361
1456,1,3.4,3,2,12,431989
4567,4,1.8,1,3,10,835946
660,5,3.8,5,2,6,293203
4993,4,3.7,2,2,11,971759
1800,2,2.0,3,2,10,436228
4487,4,3.2,4,1,4,814423
2027,3,2.7,3,2,8,482057
1718,4,2.0,2,1,3,379981
4996,2,4.0,3,1,11,957430
3604,2,1.1,1,2,5,629584
3235,1,1.8,3,2,13,690544
1454,5,2.6,3,3,1,314885
3946,4,2.6,4,2,13,840647
1545,1,2.8,1,3,6,366143
2193,5,3.3,1,2,11,553430
3936,4,2.9,3,2,5,744702
1062,3,2.8,4,2,8,299500
2985,4,1.2,3,2,9,644497
3854,2,2.1,3,3,8,750373
725,2,1.7,2,3,8,234022
1459,3,1.8,2,2,12,427026
3567,1,2.7,4,2,13,745326
1315,5,1.6,5,3,3,323589
3620,4,1.9,2,1,4,688335
516,2,1.7,5,1,11,252283
1743,1,3.8,1,1,4,403572
2705,3,3.8,2,3,11,632435
3024,2,2.8,2,3,5,603731
1569,3,3.8,4,1,13,486931
3944,4,3.4,5,1,9,811254
3065,5,2.8,2,2,12,692054
1560,2,1.0,2,3,9,363463
2827,2,3.3,4,3,10,623800
3920,4,3.1,4,1,13,845827
801,1,2.8,5,1,12,334535
4776,5,3.3,1,3,1,849925
1106,2,2.5,1,2,8,272484
3670,5,3.1,3,1,1,670735
1199,2,3.8,2,3,2,289484
1639,5,2.1,5,3,7,409284
690,3,3.1,2,2,8,294075
2800,2,2.4,5,2,1,476493
1480,5,3.0,5,1,3,391732
3475,1,3.3,5,1,7,705334
1684,3,1.1,2,1,13,437903
3827,3,2.9,4,3,9,765063
3894,1,1.7,2,1,8,731951
627,5,3.0,5,3,8,287776
2565,4,2.4,3,1,9,581965
2316,1,3.3,1,2,10,499543
1069,5,1.4,5,2,3,268001
2395,1,2.9,3,3,8,522669
3233,1,1.8,4,2,1,557416
4363,2,3.6,5,3,8,808029
4514,5,3.8,3,3,13,966406
3401,4,4.0,5,2,7,702855
2186,2,3.4,2,3,13,558113
3509,1,3.3,3,2,8,718953
654,1,1.6,2,1,1,160052
3037,1,2.0,2,1,6,594015
1909,5,2.4,3,2,7,446088
4557,5,3.3,1,2,11,932469
1284,2,3.7,3,2,5,322582
3675,4,1.6,1,2,5,664827
4841,2,3.8,5,1,7,872056
3306,3,3.1,5,3,11,721768
1037,1,2.8,3,3,3,274168
2341,1,1.6,5,1,6,488486
2955,1,1.2,4,3,7,541618
1024,2,2.7,2,1,1,244599
3450,2,3.0,2,3,12,729739
4631,1,1.6,1,2,2,771945
4615,2,2.7,5,2,12,888295
2868,5,3.6,1,2,4,535093
4347,5,3.5,2,1,13,911679
4995,2,3.8,2,1,8,916333
3201,1,2.1,5,3,11,671254
1471,2,2.0,4,3,13,427757
1666,2,3.2,4,3,10,451590
3274,2,2.3,5,1,6,648342
2482,3,1.3,5,3,1,428659
1353,5,1.8,1,2,10,413770
4646,4,2.3,5,3,5,851757
4236,4,1.9,4,2,7,832441
4269,3,2.0,5,1,13,849160
1074,2,1.9,1,2,6,266968
3761,3,1.1,1,2,13,748683
1648,3,2.9,1,2,13,471699
2215,1,2.8,1,1,12,506762
4354,5,3.0,3,1,9,867550
2991,4,1.6,5,1,8,612907
3160,2,1.9,2,1,4,576197
3624,4,2.9,5,3,13,835831
3551,4,2.8,3,1,11,749795
504,5,2.5,1,2,12,302849
1376,4,2.1,3,1,5,316448
1491,4,3.7,4,3,7,445235
4642,3,2.0,4,3,8,886629
4864,5,2.4,5,3,5,885311
4965,1,3.0,5,2,9,941684
1135,2,2.6,2,1,10,348846
2193,4,2.0,2,1,12,532878
2182,2,2.3,4,1,4,470619
619,1,3.4,1,2,4,194604
1330,2,1.8,3,2,13,383052
4175,1,1.4,2,3,8,760401
1869,3,1.9,2,3,1,378414
1240,4,3.5,1,1,8,385826
616,1,1.3,1,2,5,179880
3338,2,4.0,5,2,13,724704
1650,4,2.6,3,1,11,505071
2431,3,4.0,1,1,1,450918
1512,4,3.8,2,3,4,383902
2164,1,2.4,2,3,2,425194
1581,3,1.6,4,3,4,383172
1012,2,1.5,1,1,8,270956
3349,3,1.7,5,1,5,598351
1059,3,3.1,3,3,1,257544
4172,5,1.8,5,3,7,824026
3843,3,2.0,2,2,1,675199
4570,3,2.3,5,2,9,884402
1970,4,3.7,2,3,3,454233
1080,2,1.6,2,3,12,371801
2794,4,1.0,2,2,3,504582
3647,4,1.2,2,3,6,660092
4749,1,3.7,2,2,10,901259
2179,4,2.9,4,2,6,475379
4006,5,1.8,5,2,13,813681
3244,5,1.5,4,1,11,716579
3856,1,1.9,4,1,11,754907
4545,2,1.3,1,3,6,795819
1743,2,3.8,1,2,13,480435
3618,4,3.4,1,1,1,649577
2641,4,2.4,3,3,5,570494
3559,4,3.6,1,3,12,731557
3459,2,1.7,5,3,6,627229
2765,3,3.2,4,3,8,583022
2979,5,3.6,5,3,13,720633
2135,3,2.1,1,2,1,438856
2257,3,3.3,3,3,5,509431
4952,2,1.9,3,2,3,854148
2570,3,1.9,4,1,2,485402
3349,1,1.3,5,3,11,649199
3751,4,2.3,2,1,8,740449
4230,1,3.2,5,2,7,834019
2989,5,3.8,1,2,10,661548
2131,4,2.8,2,1,7,473436
3316,3,3.6,3,3,5,650695
1515,5,3.5,4,3,12,490745
1848,4,1.5,4,1,13,494934
3587,3,2.5,3,1,9,731750
3339,1,1.4,1,1,5,589180
835,4,3.0,3,3,2,249429
1395,3,3.8,1,3,3,344830
4046,1,1.4,2,3,4,686106
1351,5,3.2,3,1,5,403465
2187,5,2.9,1,3,13,582012
2431,5,2.8,2,2,3,480656
4246,5,2.2,3,1,12,842984
2927,2,2.1,4,3,7,600856
2068,4,1.1,3,1,5,438366
4500,4,1.7,5,2,5,827550
3238,2,1.0,3,2,6,597857
3998,3,2.7,5,1,7,777303
4413,3,1.3,2,1,10,821077
1566,5,3.6,3,2,10,471167
4880,1,2.6,2,1,8,889460
2944,3,3.1,2,2,9,656234
4607,1,2.2,1,2,11,844756
3873,4,2.7,2,3,4,720227
4469,1,3.8,2,1,5,775970
3046,4,1.2,3,1,5,619425
1253,2,1.8,3,3,8,299440
2582,2,3.3,4,2,9,606457
3274,5,1.3,1,1,7,640469
3396,3,1.2,2,3,5,634768
4685,5,2.1,1,3,3,824936
1275,4,1.3,5,1,1,289372
2125,5,2.8,2,3,11,551511
3569,1,1.7,1,2,9,639117
917,4,3.7,4,3,5,299007
614,2,3.4,4,2,9,262198
1116,3,3.1,2,2,10,368848
4474,4,2.9,5,1,12,902687
3767,4,3.6,4,3,13,830411
1325,1,1.7,4,2,4,303545
2016,3,3.6,5,2,5,488571
3646,2,3.4,1,3,4,657094
912,4,3.2,4,2,2,271963
1228,4,2.7,3,3,12,430887
3848,1,1.7,4,1,1,663886
3308,5,2.3,1,2,8,642107
1175,2,3.4,1,2,4,277827
3965,3,1.1,2,3,5,708614
3004,4,3.3,3,3,6,619403
3467,4,1.7,1,3,8,678241
3286,2,1.4,5,3,11,693823
1622,5,1.3,3,2,8,419587
4579,4,1.1,3,1,7,838303
2071,2,2.6,5,1,4,451062
2643,1,1.7,4,1,6,536433
2187,5,4.0,5,1,4,444929
4632,3,2.7,5,3,7,861567
4351,4,1.4,4,2,12,841990
3940,2,3.1,4,2,13,823006
4266,1,3.7,4,2,12,842157
2826,3,3.2,4,3,13,662417
3414,2,1.2,4,2,13,723142
4452,2,3.7,5,3,11,875240
1095,3,3.4,2,2,1,278506
1228,1,1.5,2,1,5,310776
1865,1,1.2,1,3,10,438382
4992,5,2.7,2,2,12,943584
1198,4,1.5,2,1,10,349365
895,3,3.5,5,1,4,291866
4671,3,2.1,4,1,11,906205
4860,3,3.7,4,3,7,908453
3002,1,2.7,5,3,13,652004
2319,4,1.5,2,2,9,517705
1217,5,1.4,5,1,5,309812
3282,2,2.7,1,2,4,625794
4077,2,3.3,4,2,9,834423
643,3,3.3,3,1,5,251843
3640,4,1.8,1,2,9,709351
4991,1,1.6,1,3,8,895468
3438,4,1.1,5,2,4,658638
4136,4,3.0,2,1,11,822889
3722,1,1.2,4,3,11,724343
1667,3,2.3,3,3,7,396359
3116,4,2.8,1,2,5,613693
1562,2,3.8,3,2,10,438278
2656,1,1.9,2,3,4,480297
3482,5,1.7,2,2,5,642306
3794,3,3.0,3,1,5,685579
1656,1,2.9,4,2,11,446230
1232,5,2.0,2,2,9,370570
4830,5,3.8,3,3,12,973828
1453,4,3.5,1,2,9,420740
3039,4,1.7,3,2,6,584330
3824,4,1.7,3,2,4,678694
3801,1,2.5,5,1,2,670471
2042,1,3.3,2,2,3,377226
1691,3,1.1,4,1,2,337970
3493,4,3.1,4,1,5,732778
3181,5,2.9,5,1,6,631679
1717,2,1.7,4,1,11,427455
2040,3,3.0,3,3,5,412542
3736,1,3.8,5,1,2,670725
2886,3,1.1,1,2,12,649730
4219,3,2.0,2,1,5,765188
1888,3,2.3,2,2,9,441424
2356,3,3.7,2,1,4,535528
1865,2,3.9,3,3,12,467402
999,4,2.3,1,1,10,341428
2180,5,3.3,5,1,2,475798
1010,3,2.6,5,3,3,279559
4812,3,2.6,2,1,3,849941
1824,3,1.8,1,2,9,407960
1655,4,1.7,1,1,4,368002
2327,1,1.9,1,1,1,409263
3641,1,2.7,4,1,1,612229
3986,2,1.1,4,3,7,772399
2310,1,3.7,2,1,7,491363
3423,3,1.5,1,1,2,591176
2714,3,1.7,1,2,9,543046
4686,3,2.6,5,1,9,886633
1213,2,3.1,5,1,5,373145
4102,3,1.3,2,1,3,702745
4634,1,2.0,1,1,3,783474
4022,4,3.9,2,2,12,856810
4768,4,1.8,5,2,3,839571
1743,5,1.9,5,3,6,425758
4209,1,3.5,4,1,4,766295
1581,3,1.2,2,3,8,379324
955,4,2.4,2,3,13,361613
1394,1,2.1,1,1,11,387397
1884,4,1.9,1,2,13,490711
2458,3,1.9,4,2,11,587464
3572,4,1.3,3,1,11,721461
2496,5,1.9,3,1,5,494556
4785,5,1.1,3,2,1,746734
1004,4,3.3,2,1,9,306337
1714,1,2.2,2,1,1,289780
2031,1,2.3,5,1,6,442480
3940,1,3.7,2,2,1,663073
1323,4,3.0,2,3,3,292967
1428,1,1.0,2,3,10,355581
633,3,3.8,4,1,5,233313
2605,5,1.7,2,2,10,591511
4127,3,1.3,1,1,7,755315
2352,1,3.3,1,2,10,534181
4675,3,2.5,5,1,8,825584
3433,1,2.3,4,2,12,706358
3784,4,1.7,1,2,9,731671
4798,3,2.6,4,3,6,853267
3311,4,1.8,4,1,11,653901
1750,4,3.7,5,3,9,479826
4012,2,1.6,4,3,8,776082
1756,1,3.7,2,2,9,383264
3876,5,2.7,4,1,10,778249
3986,1,3.5,5,2,4,734030
4084,5,3.1,5,2,9,852598
1896,1,3.1,5,2,7,435652
4137,4,2.0,1,1,5,787170
3830,3,1.7,2,1,5,657093
3203,3,1.6,1,2,1,515111
970,2,3.6,3,1,2,277854
1853,5,3.5,2,2,10,449457
3283,5,2.3,4,1,3,639180
3331,5,1.4,5,1,8,672759
857,4,2.1,3,3,6,266029
3519,5,2.9,2,2,12,748816
1167,3,2.4,1,3,10,329268
4968,4,3.3,5,3,11,972333
1645,1,4.0,1,2,13,458098
4685,5,1.6,2,2,5,834425
4219,5,2.4,2,1,13,850151
3245,1,2.3,3,2,1,567332
1039,5,1.9,4,3,12,416541
3279,1,1.6,1,3,11,644525
4636,4,1.2,3,2,12,910799
4275,3,3.7,5,3,9,831426
3008,1,2.3,4,1,3,522018
3279,2,2.5,3,3,3,612416
1424,1,3.8,1,1,2,303929
3456,5,3.3,2,3,4,699489
2081,4,1.4,5,1,12,547658
3824,4,2.7,1,1,2,698881
4985,1,2.3,4,2,13,964597
755,3,3.4,4,1,9,238742
2338,2,3.2,2,2,12,563590
2444,4,3.1,2,3,10,589357
509,5,2.0,5,3,7,234914
3371,5,3.4,5,3,8,720825
1297,3,1.2,2,1,3,264695
1515,4,1.5,2,3,6,389300
2324,1,2.0,4,3,10,498480
4969,5,1.2,2,2,6,873492
3636,3,1.7,3,2,13,742618
2693,4,3.5,1,3,1,565438
723,4,3.8,2,3,6,304543
4658,4,1.9,5,1,13,957452
4425,4,1.8,3,1,3,742487
4500,4,1.8,5,3,11,860614
2133,5,1.8,3,2,3,474721
2652,3,1.1,2,3,3,458096
1010,4,3.8,1,1,10,343066
884,2,1.6,5,2,11,358706
904,2,2.3,3,2,11,301830
2500,3,1.0,4,1,10,506580
3256,1,3.6,2,3,11,682349
2168,1,3.2,1,3,8,441605
1960,1,3.8,2,3,13,534745
4136,2,3.3,4,1,5,745002
3224,1,1.9,1,2,4,551195
4678,5,1.7,4,1,13,930787
2548,4,3.1,2,3,9,569611
4646,2,2.1,3,1,9,861446
1216,3,2.7,2,2,1,289330
2323,3,1.0,2,1,2,422104
2581,4,1.2,2,3,8,520921
3919,2,2.6,5,2,5,742460
2074,1,2.7,4,1,7,440731
749,1,3.3,4,1,1,187468
1173,5,1.4,4,2,12,395803
2665,5,2.5,5,2,10,579676
1270,1,1.6,3,3,12,376317
4462,3,1.3,2,2,5,788715
4863,3,2.2,3,3,11,948886
2484,5,1.5,5,1,12,583092
1577,4,1.7,4,3,3,387546
735,1,2.0,2,1,10,273842
888,5,1.8,1,2,12,340664
3537,5,1.3,1,1,12,764383
2348,1,1.3,3,2,2,424604
3314,1,1.6,4,1,2,563732
3874,3,1.2,1,1,9,729576
3778,4,2.9,3,1,13,787420
1752,4,1.9,5,1,4,406772
4481,1,1.8,3,3,4,799563
2622,2,2.0,3,1,7,531139
2650,5,3.0,3,3,10,618302
1829,5,3.6,2,2,10,510306
1858,1,3.3,3,2,13,512944
2982,2,3.2,3,3,2,550247
2517,3,2.5,2,2,3,494496
1831,1,3.1,2,2,3,393195
4844,1,2.7,5,1,6,871699
4761,5,1.6,4,1,3,803908
1858,1,1.6,1,1,11,450354
3677,1,1.9,1,3,5,664507
2628,1,3.7,3,3,4,535578
2680,5,2.6,5,2,3,528156
637,3,3.2,3,1,8,274597
3972,3,2.0,1,3,10,786666
3332,1,2.2,2,3,3,574188
4079,5,1.4,4,1,6,753439
3531,3,1.5,5,3,13,763359
4664,3,3.5,2,1,7,851757
3093,3,2.8,4,2,7,627779
4800,5,2.0,5,2,2,830307
4318,5,3.4,5,2,3,846098
4638,1,1.7,1,1,12,869612
4323,4,3.9,2,3,10,860842
4542,3,2.0,5,2,10,863452
2406,4,2.0,5,2,4,477332
1260,5,1.9,4,2,7,361297
3945,5,1.4,1,3,2,710051
1399,5,1.3,3,3,3,317153
4955,4,2.9,1,1,7,906860
3447,5,3.6,3,2,7,704702
2219,1,3.4,2,3,10,540452
780,5,1.4,2,1,3,218266
3766,2,2.6,5,2,12,790443
2387,4,1.3,2,3,1,474430
3766,2,1.1,5,3,12,747857
1166,5,3.0,1,1,3,296128
4688,1,2.6,2,2,5,836654
1171,3,1.2,1,2,7,269025
2469,5,1.1,1,3,4,499461
4656,1,4.0,2,2,13,882893
3622,4,1.1,1,1,13,762248
4400,2,2.3,2,3,11,838458
1023,2,2.5,2,3,11,338134
2893,2,1.4,2,1,1,483465
3617,4,1.5,3,3,6,657395
3093,1,2.1,1,2,2,561767
2468,4,3.3,4,2,12,602278
2253,2,2.5,2,3,3,508625
2796,5,2.9,1,1,4,544696
2761,3,4.0,5,1,6,579216
2786,4,3.3,2,2,6,565455
4702,4,2.3,2,1,7,859276
3378,1,2.3,4,3,5,661704
4643,1,2.9,3,3,7,864152
4144,4,3.0,3,2,2,717508
4932,2,2.5,2,2,1,847382
2555,3,2.9,1,2,12,601405
1776,1,1.1,5,1,10,430527
3266,2,2.3,5,3,8,644715
802,5,1.8,1,3,1,209101
1138,1,1.4,2,3,12,343441
555,2,1.3,5,2,2,162686
1025,2,2.8,3,3,11,376002
4623,3,2.6,1,1,12,878530
2625,3,1.8,4,1,10,534814
3787,5,2.4,2,3,6,707020
864,2,2.5,1,2,1,183340
2146,2,1.6,5,3,10,494633
1418,3,3.0,2,1,3,335021
3297,1,3.3,3,1,7,643126
2031,1,3.4,2,1,12,507868
3845,4,2.8,2,3,8,752704
2406,3,2.5,3,1,4,482061
3586,4,1.2,3,2,12,771937
2575,3,1.9,2,3,3,517857
1213,5,1.3,3,3,1,293616
1562,2,3.9,1,1,12,459133
2476,5,1.4,3,1,9,511875
1796,3,1.5,3,2,10,426449
625,2,3.7,2,3,6,239605
4096,1,3.8,1,1,6,733184
3783,1,3.3,4,2,9,712035
2103,4,1.0,4,1,1,411860
566,3,1.0,5,3,6,251614
732,3,2.1,3,1,12,309043
2656,1,1.4,3,3,5,516363
1669,5,1.1,1,1,13,453999
2658,2,2.4,4,3,11,584867
4706,5,3.8,5,2,6,922283
1993,5,2.0,1,3,11,474386
4507,1,3.0,3,2,8,794781
2972,1,3.0,4,3,5,550954
3160,1,1.8,5,2,2,579071
3239,4,3.0,2,1,12,705594
2261,5,1.6,4,3,12,569680
4014,3,1.4,5,1,2,734638
2475,2,3.1,1,2,10,525483
2862,4,1.3,2,3,5,581883
1376,3,4.0,5,3,3,352473
4312,5,1.6,5,1,10,837832
3948,1,2.8,3,3,3,699824
1812,5,2.2,4,3,8,468554
1960,2,1.4,3,1,7,418789
3209,4,1.1,2,3,1,579056
2824,4,2.9,5,1,12,656804
2233,2,3.4,3,1,13,549963
2105,3,3.5,4,1,12,532924
3063,3,2.4,2,1,5,593216
3921,4,3.3,1,1,9,748516
4017,4,3.0,3,2,4,727060
2897,1,3.2,2,2,1,511200
4235,3,2.5,1,1,8,801647
3370,2,2.9,3,2,5,682857
1660,3,3.4,2,2,2,362813
742,1,2.2,2,3,12,257815
3090,4,3.4,3,1,1,566695
1563,4,2.8,2,2,12,465627
4824,1,1.5,5,3,12,890694
3095,2,1.1,3,3,12,618635
1419,4,2.1,2,1,3,340423
505,5,2.6,1,1,9,272047
967,4,3.5,1,3,1,232099
4670,5,1.4,5,1,4,821600
503,1,3.4,3,1,8,259343
1145,1,3.6,2,3,8,351806
617,4,1.5,2,3,10,250102
3428,3,3.6,1,1,12,686422
3051,5,4.0,5,2,11,714020
4789,2,3.2,1,1,13,918428
1346,4,3.4,1,2,11,417534
3262,2,4.0,5,3,8,695993
1641,4,2.8,3,2,10,430024
2310,3,1.9,2,3,8,495357
1223,3,3.5,3,1,4,305968
724,3,2.8,4,1,8,266335
4708,3,2.7,4,3,9,906995
2548,1,1.8,4,3,7,521081
4915,1,3.3,5,3,12,919491
2073,5,1.2,1,1,2,421452
2328,2,3.8,3,1,9,527198
2417,4,2.0,2,2,11,573973
4734,4,1.4,4,3,8,859805
2526,1,2.3,3,2,13,555886
4244,4,1.1,4,1,5,771134
1401,1,3.1,4,2,12,390720
2539,5,3.7,2,2,3,526852
509,2,3.5,5,1,7,222648
760,5,1.4,1,1,2,205172
2173,3,1.4,5,3,13,540312
2719,3,3.4,3,2,3,540155
2560,3,3.8,5,1,12,611705
4213,5,2.4,3,1,9,832617
2119,4,2.5,3,2,4,459305
820,2,2.0,1,1,4,219212
1842,3,3.7,2,3,3,398282
2876,3,2.9,1,3,5,590264
3332,3,1.9,5,2,3,627025
3324,2,1.9,3,3,9,640377
2494,3,3.7,4,1,3,525577
3458,2,1.0,4,1,2,614209
2538,3,2.0,3,1,12,577068
3990,5,2.7,1,1,5,746698
4177,5,1.4,2,2,6,732372
1618,2,1.3,1,3,1,289331
2104,5,3.4,3,3,12,577473
4527,2,3.7,3,1,11,866897
735,5,3.5,2,2,6,285553
2469,5,3.7,5,1,10,586677
4929,2,2.7,5,1,3,862466
2408,4,3.4,2,2,4,516074
875,5,2.2,5,2,6,313659
4030,3,3.0,4,1,8,759712
3135,4,4.0,5,3,9,696384
2070,2,1.7,5,1,6,475531
3060,4,2.2,5,3,7,650969
3891,1,2.4,4,3,5,710516
3465,1,1.4,5,2,12,663130
4143,5,1.2,4,2,9,800462
4350,5,3.5,2,1,4,840927
1372,3,3.9,1,3,10,434672
1752,4,2.2,2,3,11,474028
1814,1,1.3,1,1,6,355213
3398,5,1.2,2,1,5,641745
577,4,3.7,1,1,1,215519
3121,5,2.4,1,2,5,633960
4727,5,2.0,3,1,13,943302
1100,1,2.4,1,1,5,286100
1565,1,2.0,1,3,9,377576
2636,5,2.5,3,1,1,508841
2949,2,3.6,5,3,5,591171
2843,5,2.8,5,3,7,630940
2363,5,3.1,3,2,11,601956
1818,3,2.1,4,1,6,431368
4097,3,3.2,1,1,6,736189
4262,3,3.0,1,3,12,825010
2690,2,1.4,3,2,7,557572
1492,2,2.7,3,2,6,368831
3212,5,1.8,4,1,5,636112
2692,3,3.4,5,3,10,622662
1748,2,2.3,2,1,5,414732
3554,1,4.0,5,1,9,712174
4533,5,1.3,1,1,8,859782
2497,4,3.3,3,1,12,606722
4187,5,3.0,4,3,10,820039
2651,4,3.3,5,2,4,541652
4518,3,1.9,4,1,4,787059
3610,4,2.5,5,1,10,768862
2470,3,3.4,1,1,5,534045
697,1,1.7,2,1,13,290127
3126,4,1.7,4,2,13,679944
1702,5,2.7,4,2,3,383580
2535,3,2.6,2,2,8,568001
977,5,1.8,4,2,7,293858
1754,2,1.9,4,1,5,382522
1422,3,1.8,5,3,10,451589
919,4,3.3,5,2,3,277954
2704,3,3.0,2,2,5,521166
3097,5,3.5,1,1,3,569740
1620,1,3.9,4,1,10,482580
3568,3,2.4,1,1,5,666172
1450,4,1.2,2,1,1,281118
2836,2,1.1,2,3,6,537117
2743,1,1.9,5,3,10,570690
3145,2,3.8,4,2,4,577478
2357,3,2.6,3,3,4,502312
2365,5,1.8,2,2,8,528426
3412,5,2.2,4,2,2,654899
3353,4,2.8,1,3,4,639081
3728,5,3.0,5,2,2,707824
4219,1,1.5,1,1,1,638653
3728,5,3.9,2,2,10,801856
2871,4,2.6,2,1,13,630883
3391,3,1.4,1,3,13,687008
4256,3,3.7,2,3,3,762342
4725,5,1.2,4,2,12,881576
594,2,3.7,2,1,8,245948
3174,3,4.0,5,2,6,644056
2455,5,3.1,4,3,12,606193
1293,4,3.3,3,2,7,340426
2334,5,2.0,2,2,2,484654
2616,3,3.8,2,1,6,560361
4606,4,2.6,5,3,8,866619
3825,5,3.2,5,2,8,771119
3419,1,3.8,1,1,4,644612
3097,4,3.9,1,2,6,628900
3705,1,3.5,1,1,5,651439
1314,2,1.9,5,1,9,361928
845,4,3.9,1,2,8,294493
2849,1,2.9,1,3,2,500692
862,3,3.8,3,3,12,359287
2943,3,3.0,1,1,13,675554
2765,2,1.9,2,3,7,592716
2688,4,2.1,5,1,7,599952
3505,4,2.7,4,3,11,743812
3781,4,3.4,3,2,12,844296
1484,2,2.0,5,3,1,327765
2139,4,2.7,5,1,1,419756
1327,3,2.0,2,1,12,393940
3230,1,3.4,1,3,4,586361
4031,3,2.4,2,2,5,711691
4951,3,1.2,1,1,4,815165
3435,1,1.5,1,1,7,622805
4376,3,1.2,5,1,3,777484
626,2,2.5,1,1,7,250764
3677,1,1.3,3,1,13,704155
3556,3,1.3,3,2,8,677834
1103,5,3.8,3,3,6,366181
3949,3,3.6,5,2,6,770387
4646,2,2.4,2,2,8,862790
4033,4,4.0,4,1,8,799256
3867,3,1.0,1,2,7,731508
3868,4,2.8,4,1,6,745115
4297,5,2.8,2,2,6,827704
2292,3,2.4,2,1,10,515184
3361,1,2.2,5,1,11,686317
3976,4,2.4,3,2,13,791479
3917,5,2.2,3,2,13,804814
2145,1,3.2,2,3,6,454600
1705,1,1.4,5,3,8,402751
3530,1,1.6,5,3,1,661124
3372,1,1.5,1,2,5,591662
3572,3,1.8,3,2,3,616267
2354,3,2.6,2,1,12,589149
4521,3,1.3,4,3,8,858226
3208,5,3.6,3,1,11,690069
4002,5,1.9,1,1,6,756105
1832,5,1.5,5,1,2,412004
701,2,3.0,2,1,13,316426
4007,5,1.1,3,3,7,768066
4712,3,2.9,4,1,7,860654
1074,3,3.1,1,2,13,388675
1036,2,1.6,1,2,5,250572
2125,2,1.1,3,2,8,403342
2622,5,2.1,4,3,5,557725
885,4,1.3,1,1,1,176731
3781,2,1.3,2,3,9,735919
974,1,1.8,1,1,4,208483
917,3,1.9,4,3,13,305989
4100,1,2.6,5,3,2,682614
1454,3,3.0,5,1,4,360270
1705,3,2.8,3,3,13,485480
4620,2,1.4,4,1,9,818747
2490,2,1.5,1,2,2,425552
4072,1,3.6,1,2,4,725638
4880,3,2.7,5,2,2,872944
4658,1,3.6,5,3,5,822498
3213,4,2.1,2,2,3,607033
2703,1,2.8,5,1,10,550676
3620,5,2.6,2,2,2,674317
1466,1,2.0,1,2,9,376015
3932,5,2.4,2,3,5,755284
1188,5,2.5,2,1,10,398587
4743,5,1.6,3,3,5,878004
4201,4,1.9,5,3,1,779588
841,1,3.4,2,1,6,262322
2224,1,3.7,1,3,13,580097
4922,4,2.1,4,1,7,883918
2292,3,1.9,2,2,1,424193
2259,2,1.6,5,1,9,498549
3712,1,3.0,3,1,8,688944
1489,2,2.0,1,1,12,354136
2762,4,4.0,3,3,8,635685
2982,3,2.0,4,1,7,581701
1451,3,2.2,2,1,5,335633
1222,3,2.8,2,1,3,329991
3889,4,3.4,5,2,12,836791
2579,5,2.4,2,1,9,610654
3217,5,2.3,1,3,7,653460
2832,2,4.0,4,1,11,648909
3876,5,1.0,3,1,10,759586
2000,5,3.7,4,2,10,514526
785,3,1.4,2,1,8,272785
3995,3,3.4,3,3,6,755531
2565,2,2.9,5,1,12,609140
1268,1,2.0,4,3,11,357790
3557,2,3.6,3,2,5,675042
4789,2,1.0,3,1,8,849444
2661,4,1.7,3,2,3,537189
3793,4,2.7,1,1,12,768963
1446,2,2.1,4,3,13,451139
3835,2,2.8,3,2,13,770152
4650,2,1.1,4,1,7,832397
1981,5,1.3,3,3,2,396897
2401,4,1.4,5,2,3,504464
3951,2,1.6,5,1,13,778276
4564,3,2.4,5,2,12,887265
554,3,3.3,2,1,2,170473
2323,5,3.7,3,3,5,530010
3962,5,3.5,2,3,7,797620
3579,1,1.6,4,2,11,716512
1332,1,2.3,2,2,10,357415
4908,1,1.6,4,1,11,889989
3306,5,1.8,4,3,11,706326
2990,5,2.5,4,1,11,664189
827,5,1.2,2,3,10,316102
3810,3,1.7,3,2,13,781677
3800,5,3.8,2,1,1,734794
4175,3,2.4,3,1,13,841042
3554,1,2.3,3,3,10,708816
2643,1,1.0,4,3,9,541879
1811,1,1.7,2,3,1,329615
3691,2,3.6,3,2,1,665731
3038,2,1.5,5,1,12,637786
4483,4,2.2,3,3,10,868285
664,4,1.0,5,2,8,288785
4777,4,2.4,2,3,6,861842
1322,2,1.1,2,1,6,315546
1443,2,3.5,2,3,12,378323
4925,4,3.5,3,1,9,935543
1274,4,3.4,1,2,4,323257
2698,5,1.9,3,2,8,586605
3656,4,3.5,3,3,4,700175
4742,5,2.6,4,1,2,846130
4195,3,2.1,4,1,11,816176
3952,2,2.9,3,1,8,762026
1414,4,1.0,5,3,12,386807
1808,2,1.4,4,1,7,407428
4677,2,3.2,3,1,4,808808
1013,2,1.7,1,1,9,318807
2420,3,2.8,5,1,9,533935
4094,1,2.2,2,3,8,776004
1909,4,3.6,3,3,1,414119
3690,1,3.9,3,1,7,673424
4991,1,3.7,5,1,5,874624
2055,1,1.8,4,2,7,458206
1304,2,1.6,4,2,12,401420
1779,5,2.4,4,1,9,439862
4077,2,1.0,2,1,2,710807
3401,2,1.1,5,2,13,707158
1887,1,2.7,5,2,11,492246
3261,2,2.6,4,1,4,586913
3179,1,4.0,4,3,4,606731
2606,5,1.6,1,3,2,507218
4723,4,1.8,1,1,3,807186
3268,1,1.3,3,1,11,589284
4453,5,3.8,3,2,13,922134
3686,4,3.3,5,2,8,714106
3780,3,3.5,5,3,12,782086
3073,1,3.7,2,1,9,601392
3099,1,2.6,2,2,6,612501
4533,3,2.4,1,3,10,888877
736,3,2.0,3,3,2,221231
1804,1,2.8,1,3,2,351998
3930,3,2.4,1,2,7,737066
1801,2,2.4,3,2,8,449787
3041,4,3.8,2,1,8,606481
2551,4,4.0,3,1,6,539147
941,4,3.4,4,3,10,381230
2576,2,3.3,4,3,8,589145
3680,3,3.0,4,2,1,674794
3157,5,1.5,5,2,9,646150
4298,3,1.2,2,1,13,855490
1304,1,3.1,2,1,12,412328
574,4,3.2,5,1,1,226465
2675,3,1.1,1,2,13,538869
4424,5,3.8,4,3,3,832091
2589,1,1.3,4,1,12,572554
540,2,1.9,1,1,9,217187
2581,2,3.0,3,2,11,586883
2122,5,1.5,3,1,5,448530
841,1,1.2,2,3,9,245918
4552,4,2.0,5,2,9,904011
2574,3,3.3,2,1,6,542901
1145,1,2.2,3,1,11,320630
4763,2,3.0,1,2,1,772917
1109,5,2.7,2,2,10,355630
954,5,1.1,4,1,7,285488
3453,3,4.0,4,3,6,699880
2208,5,1.1,1,2,9,508411
3972,5,3.9,3,3,7,807989
3469,1,2.6,4,1,12,697347
3528,4,3.9,4,3,11,785112
3181,3,1.3,5,1,12,699206
4129,1,2.5,2,1,13,804650
4725,4,1.5,3,1,4,808608
3567,1,1.2,2,1,7,648055
1886,1,2.9,3,3,2,423601
4276,5,1.6,4,1,6,777234
3366,4,2.8,5,1,6,664376
3863,3,1.3,2,3,2,669098
4624,3,2.0,4,2,4,830433
648,4,3.3,3,3,8,250988
4350,5,2.3,2,3,8,862117
2558,2,2.9,2,3,13,622045
1636,1,2.9,4,1,8,393404
686,5,3.5,2,1,8,352532
3354,4,2.0,5,1,1,635654
1750,1,3.1,5,2,2,393488
1833,3,3.9,4,1,12,530201
4693,2,3.2,3,2,4,856124
4650,3,2.5,4,1,12,907561
3211,4,2.9,5,3,9,686730
2285,1,3.2,1,1,3,419878
1250,4,2.8,1,2,6,328952
2262,1,1.1,2,2,7,445582
4420,5,1.6,2,1,8,831309
4960,2,3.4,1,3,13,990965
981,5,1.8,5,1,7,280100
653,5,3.2,2,1,3,265848
2024,4,2.1,4,1,6,437862
2620,2,2.6,4,3,5,528909
2843,1,1.2,5,2,13,600962
1740,1,1.5,2,3,12,469585
560,3,3.9,4,2,10,288500
1438,1,3.7,2,2,4,347628
2139,4,3.0,2,2,1,443315
4620,5,2.4,4,3,13,914799
4726,5,3.0,1,1,7,879964
4069,5,2.9,4,1,8,830936
1752,2,2.7,5,1,2,353835
4703,1,1.2,3,1,7,838029
671,4,2.9,4,1,6,260528
1958,2,3.3,2,3,5,455473
4049,3,4.0,2,3,13,881299
4697,4,1.0,4,3,4,788393
2822,4,3.2,3,3,2,528537
2136,4,2.7,4,3,10,521129
3615,5,2.3,3,3,6,740058
4590,4,1.4,3,3,5,834149
3504,1,2.2,5,1,2,591704
829,4,2.1,2,2,10,325428
4140,5,1.9,2,3,7,770225
4394,4,3.2,3,2,6,845510
4607,3,3.1,2,3,12,917329
1841,3,2.8,1,3,11,453787
4163,5,3.8,3,1,9,838130
715,1,2.0,2,2,11,297743
838,1,1.7,1,1,10,231359
4562,2,3.0,5,1,5,833322
3208,5,1.6,2,2,9,639062
3652,4,1.9,1,1,9,713976
2250,5,1.7,4,3,13,581155
2921,2,1.2,4,3,1,555413
1209,5,3.5,1,3,5,347324
4226,5,1.8,3,3,9,854210
4142,2,2.4,3,3,7,754490
4493,1,1.1,2,1,6,763549
988,4,3.1,4,1,6,329441
546,2,2.0,3,3,11,269935
3859,3,3.2,3,3,7,744281
900,1,2.2,4,1,1,203889
4490,3,1.6,5,2,4,825165
3657,1,2.5,3,1,13,738281
4845,4,1.4,1,1,1,785333
890,4,2.3,2,1,6,263902
4353,5,2.0,3,1,13,894348
4930,3,3.7,3,1,4,928130
1128,1,1.2,5,2,1,227720
4732,4,3.1,1,3,9,943272
3430,2,1.5,2,3,12,695783
2021,4,2.0,3,2,4,428553
1326,2,2.2,2,3,12,372694
2000,1,3.7,4,3,6,450539
3794,4,1.7,3,3,13,773477
2919,4,1.3,3,2,7,571622
1434,1,2.0,4,2,8,328058
3542,4,1.3,5,3,12,780122
4997,2,1.4,3,3,13,965837
1966,4,2.7,2,3,11,509832
4061,3,1.2,1,1,9,752269
1114,5,1.1,2,1,9,336488
1682,2,3.1,5,1,8,411261
3723,3,2.1,1,2,10,708272
3167,1,1.4,2,3,11,649398
630,2,1.8,2,2,12,272255
3483,5,2.9,4,2,12,768464
4778,5,1.8,5,2,3,821451
4959,1,2.5,4,3,12,934041
538,1,1.4,1,1,2,116632
4459,2,2.8,4,3,5,819531
4087,4,1.9,5,3,1,745455
1420,1,2.9,3,2,3,346693
3269,4,3.4,3,2,1,599770
4611,3,2.8,1,2,13,882092
992,5,1.9,3,1,3,266928
1631,4,1.8,4,1,13,450663
4021,5,2.0,1,1,4,739774
810,4,1.5,5,3,7,259944
1238,3,1.5,1,2,12,334112
3741,1,3.4,1,3,12,749221
1045,3,2.2,2,1,5,297280
2961,1,2.3,2,2,5,534100
4846,1,2.8,1,1,13,933882
2304,5,2.8,3,2,1,475906
3712,3,1.2,2,2,8,731735
4310,4,3.5,5,3,13,886954
1313,3,1.5,4,3,4,286320
4624,5,3.2,2,1,10,916570
2532,1,3.3,1,3,5,508897
4913,5,3.1,3,3,2,881499
744,2,2.7,4,3,12,300143
771,2,1.0,2,2,13,312153
4011,4,2.1,3,3,1,694481
2271,5,2.8,3,1,9,544691
1762,4,2.2,3,2,2,369108
2924,4,3.6,1,2,6,610687
4861,2,1.9,5,3,1,797747
1420,4,1.9,3,2,1,322493
3930,2,1.8,4,1,9,762651
4935,1,2.0,2,1,4,835569
4984,5,2.7,4,2,9,986977
3124,4,3.1,1,3,11,683243
4260,2,3.0,1,3,5,786375
2550,3,3.4,4,2,7,561348
4000,4,3.7,5,1,1,750087
1665,1,3.4,1,2,6,351083
875,1,1.1,1,3,8,252408
2533,3,3.2,4,3,1,474411
645,2,1.6,1,2,9,244558
4888,4,1.4,5,1,3,859883
931,2,2.9,5,2,1,260299
1204,1,2.0,5,1,1,268398
3132,2,1.2,2,1,13,644062
4994,1,1.4,5,2,11,906028
1463,2,1.0,5,2,6,298599
2734,3,3.7,2,1,11,619977
2541,5,1.1,3,1,6,548407
2328,3,1.6,1,1,1,423367
2608,3,2.2,5,1,3,510504
4568,5,2.1,1,3,7,853561
1438,5,3.7,4,2,10,439445
1306,4,1.1,1,1,3,294299
1963,4,2.5,2,2,3,409850
3915,3,3.0,1,1,3,682272
510,3,3.8,1,2,12,292994
2368,1,2.9,1,2,7,487757
1384,1,3.4,3,1,4,364103
4064,4,1.3,3,1,4,710986
1889,4,2.2,4,2,3,409161
3901,1,2.1,2,2,10,737516
4821,1,3.7,1,2,11,900696
1324,2,1.5,1,3,9,355362
2765,2,1.5,1,1,2,530009
1436,1,2.0,1,3,4,302983
3300,2,1.2,3,3,8,647317
3053,5,1.5,4,1,6,575202
4345,4,3.9,5,1,7,840379
2296,4,2.3,2,3,13,599004
553,1,2.9,1,1,7,213350
1226,3,3.2,4,2,2,317946
3236,1,2.1,5,2,4,585444
3670,2,1.4,4,3,10,725651
2413,3,1.6,3,3,10,572605
2096,2,1.9,5,1,6,427698
2414,5,2.9,4,1,3,552330
2966,2,2.2,3,3,9,580981
3237,5,1.0,4,3,13,699839
1349,5,2.6,4,2,4,340631
2609,2,3.8,5,2,10,593900
502,2,3.4,3,1,13,277321
4755,5,3.5,1,2,2,828255
4569,3,3.4,2,1,6,815615
1392,5,2.0,5,1,1,339681
2530,4,3.3,3,1,6,542240
3660,5,1.4,4,2,13,766009
2876,3,3.0,3,3,12,656045
2433,4,2.9,2,3,10,537557
1880,1,1.1,2,2,1,340627
4181,1,3.4,1,3,8,780274
1790,3,3.7,1,1,5,410739
2140,5,1.8,2,3,6,487383
3182,2,3.4,5,2,2,632170
1487,3,1.2,5,3,2,331509
1718,4,2.8,4,1,12,478702
1855,4,2.5,1,1,9,430097
4765,1,2.6,4,2,3,771933
4635,4,3.8,1,2,6,865807
2060,3,3.6,2,2,10,483807
1918,4,3.4,5,1,5,405894
1454,3,1.8,5,3,12,422082
1483,2,3.7,2,3,4,361739
1474,1,1.3,4,2,10,391486
4633,4,3.6,4,3,2,859175
4472,3,2.0,3,3,8,852314
1413,5,1.2,1,2,10,409001
536,1,3.0,4,2,7,202038
3887,2,1.7,2,1,11,748558
2211,3,1.7,4,1,2,441746
3520,2,1.9,5,1,6,665427
1295,2,1.2,1,1,8,317147
4536,4,1.5,3,3,7,837461
3611,4,1.0,1,3,1,625560
1824,3,2.3,5,1,5,414562
817,5,1.3,5,1,2,223124
2896,3,3.0,5,2,6,566343
2662,5,1.7,5,3,7,574719
3245,2,3.8,2,3,7,653899
2091,1,3.6,3,1,3,426581
3611,3,1.9,5,3,7,723208
4430,3,3.3,5,2,5,847612
2496,5,3.4,4,2,8,579319
1812,2,4.0,3,3,12,493862
1785,2,2.8,1,1,8,429212
4811,5,1.2,3,3,7,892180
2883,2,2.9,3,2,6,568098
3739,4,2.9,3,1,2,695530
2639,1,2.9,5,3,6,540422
2204,3,1.9,5,1,13,544597
862,1,3.6,2,1,12,334972
3104,3,3.9,1,2,11,669076
2216,4,1.7,4,1,9,512793
4951,2,1.3,3,3,2,832100
4786,5,1.6,1,1,1,826243
4238,4,3.5,1,1,11,861162
2969,1,3.0,2,3,13,654690
1056,5,2.9,4,2,5,275724
1325,2,2.2,3,2,11,387617
3308,4,2.7,4,3,6,673657
3219,5,1.9,2,3,3,622368
4008,4,2.4,5,2,8,769079
4241,4,3.4,1,1,7,762708
2074,2,3.9,3,3,2,449723
4498,3,3.8,5,1,12,885209
2629,5,3.8,2,3,7,614793
2903,2,2.2,4,2,1,512876
3829,4,2.4,1,1,9,727806
1088,2,3.1,3,1,13,384692
2512,3,3.8,5,3,7,580123
2047,5,1.4,5,1,6,477181
794,3,1.9,1,3,13,331632
2485,1,1.4,4,2,2,435594
3617,5,2.8,2,1,3,647011
2190,3,1.9,4,3,1,418206
1636,4,2.0,4,1,10,415485
2564,5,1.2,4,3,13,620250
4955,5,2.0,1,3,5,904734
1507,2,3.6,1,3,9,407503
3014,4,1.7,2,2,13,663581
4026,1,3.1,4,1,6,737191
1747,3,2.9,1,2,5,416156
4402,2,3.6,2,3,12,836690
1935,3,1.4,2,3,3,366126
1071,1,3.9,4,2,5,341684
2882,1,2.7,3,2,8,558700
1745,5,4.0,4,1,12,525370
2584,1,3.7,3,3,2,511835
777,3,1.7,2,2,5,199524
2387,4,1.2,1,3,6,455364
1765,4,1.8,5,3,10,491044
1540,5,2.6,2,1,8,393541
1417,3,1.5,1,1,8,334137
1385,3,1.5,2,1,5,312832
3252,1,2.4,4,2,9,630390
521,3,1.1,3,3,4,199175
3691,2,1.4,2,2,12,707009
2853,1,2.2,1,2,9,532634
1186,2,1.2,4,1,11,372027
784,5,2.2,5,3,7,281941
4247,4,2.4,4,3,6,787009
1262,5,2.4,3,1,4,349897
2928,4,3.6,4,3,2,583604
3007,5,2.6,5,1,8,670296
528,3,2.4,1,2,6,233102
1406,2,2.2,2,2,12,390831
3604,4,3.5,3,1,3,701538
4499,1,3.7,5,2,7,844705
3494,2,3.6,3,2,10,707132
3006,1,3.0,4,1,7,604708
4109,2,1.4,3,2,6,712160
4053,2,1.8,5,3,2,725626
1953,5,1.1,2,2,8,469532
3856,4,3.8,2,1,1,700807
1015,4,3.0,3,3,13,352884
538,2,3.2,1,3,1,195788
3842,3,1.9,3,2,6,724541
1386,3,3.5,4,3,5,368940
3344,1,1.8,2,1,9,637986
2704,1,1.0,2,3,13,568865
1598,5,2.1,2,2,12,450310
2323,2,2.7,1,2,7,505334
3701,1,2.4,1,3,2,624815
3655,1,3.6,5,1,13,764763
3593,2,1.3,3,1,12,713898
4030,5,2.7,3,2,7,783996
4278,1,2.5,4,2,3,732843
3396,5,1.8,2,1,1,605996
3953,4,3.5,1,3,11,816316
4011,5,3.3,4,3,8,792053
1488,3,3.2,4,3,12,446888
4616,3,3.6,1,3,3,859019
4526,5,3.2,3,1,11,903637
4679,3,1.7,2,2,8,834741
2182,4,3.1,3,2,7,483851
4463,2,1.9,4,3,12,841646
1433,3,1.7,2,1,2,335992
4098,3,1.2,5,1,13,840860
3733,5,3.2,4,3,1,671157
2480,4,3.1,3,3,7,556774
2355,2,1.7,3,3,13,577246
3556,5,3.2,3,2,1,661590
1292,5,3.8,1,3,6,364967
1291,4,1.3,4,2,13,453967
2309,2,1.7,2,1,11,476743
2755,4,3.3,3,1,10,673401
4110,2,1.8,3,2,11,795699
2107,4,2.9,1,2,10,536358
1484,5,1.2,2,2,8,362587
4176,5,2.4,4,2,7,793888
3880,1,3.2,5,3,4,692400
1019,3,3.1,1,1,1,245329
1090,4,3.4,4,3,1,299654
1550,1,3.6,5,2,4,388836
4133,3,3.3,3,3,5,739220
4944,4,3.0,3,3,12,973737
1459,2,1.1,2,1,7,356248
1192,3,2.6,5,3,4,343443
4399,5,1.1,3,1,10,835539
4973,1,3.4,3,2,12,939388
3446,3,2.0,2,3,1,604059
1026,3,2.7,4,2,11,364121
3724,5,1.8,3,1,10,779651
2753,4,3.3,1,2,7,559248
3844,2,3.7,1,2,2,667374
4465,5,2.2,4,1,13,879121
2375,2,3.6,5,2,11,579805
2263,4,1.8,2,2,2,464477
1020,3,2.6,1,2,8,284580
1516,2,3.6,1,3,12,437174
616,1,2.0,4,2,10,278980
2933,1,3.9,5,1,10,652140
1083,5,1.4,5,3,10,382905
894,4,1.1,4,3,5,245802
4288,5,3.7,1,1,10,872088
3268,5,1.2,2,2,2,590481
4667,5,4.0,1,3,5,895453
4360,1,3.9,5,3,8,845483
773,1,1.4,1,3,6,204639
2513,5,2.6,2,2,3,517526
4933,1,1.6,3,3,8,894320
1889,4,2.3,1,1,9,445722
4066,5,1.2,4,2,5,756476
665,1,1.7,3,1,13,256517
2067,2,2.1,4,1,2,415530
1228,5,2.3,4,3,2,316574
2543,5,3.9,4,3,7,607231
4697,4,3.4,1,3,1,829967
3996,3,3.2,5,1,10,797256
1278,3,2.6,3,2,12,384772
713,4,3.5,2,3,2,216921
4262,4,2.0,5,3,10,833151
2076,4,3.1,1,1,4,463641
2948,3,4.0,4,2,1,533074
3436,4,1.9,2,1,4,616185
3617,1,3.0,3,3,13,768729
1091,5,3.5,5,1,12,440729
3220,5,3.7,5,3,11,712836
1213,2,3.2,2,2,13,375013
1435,2,1.9,1,1,10,399893
4837,5,2.0,3,3,5,877078
501,1,1.1,2,3,9,192759
3348,3,3.3,4,3,1,641592
4544,3,1.1,3,3,12,882169
2449,1,3.6,5,1,5,524083
1417,3,1.4,2,3,2,285701
3674,4,1.5,5,1,9,739096
2741,5,2.4,5,3,6,616075
589,5,3.2,5,1,2,247165
2209,1,1.4,1,1,3,418747
2669,3,2.3,5,3,8,606912
4738,2,2.4,4,3,1,814253
3541,2,1.6,4,3,12,712847
605,3,1.3,3,3,3,211792
1386,2,3.5,5,2,13,419285
927,1,2.5,5,3,10,316103
2395,1,1.0,2,3,1,425011
816,3,3.4,1,3,11,263052
1134,2,3.9,3,1,11,381649
2425,1,2.8,5,3,8,535742
2556,1,2.5,2,1,1,431181
3644,4,3.6,1,1,13,785117
2770,4,3.9,3,1,5,585798
1939,1,3.3,3,1,4,409029
1052,3,2.3,5,2,7,347088
1215,5,2.8,3,3,5,365828
4411,5,3.1,2,1,8,863949
2213,1,1.6,3,3,12,489465
3889,1,2.3,4,1,11,760503
1607,1,3.5,2,2,1,353238
4706,3,3.0,1,1,5,834606
750,4,2.2,1,3,4,270585
2930,1,3.0,5,3,3,571883
2554,1,1.4,5,2,5,529291
958,2,2.2,4,3,10,304353
707,3,3.4,1,3,3,227956
1399,1,1.7,1,1,8,332147
3961,2,1.6,1,3,13,794273
3885,5,3.9,1,1,3,714478
521,1,1.6,3,2,1,110997
909,1,1.8,2,3,9,289913
1394,2,3.9,2,1,9,383270
1014,3,3.2,4,3,6,309686
4609,1,3.1,3,1,10,851993
2634,5,3.6,1,2,1,522577
4095,1,1.3,1,1,8,710212
3456,5,3.1,5,3,2,665016
2060,4,2.5,5,1,9,487925
1766,4,3.5,4,3,8,454216
2669,5,2.5,1,2,3,535926
4138,3,2.9,4,1,13,860228
1249,1,2.4,3,3,5,301227
3927,1,2.4,2,3,9,763406
2427,4,3.3,1,3,13,578095
4304,5,2.9,3,1,1,736702
4202,1,2.9,1,1,9,755073
2856,1,2.4,5,1,4,520891
2835,3,2.6,4,2,4,533992
806,2,3.2,5,3,4,303323
4165,4,3.5,2,3,10,805245
2489,4,3.1,5,2,12,629598
1161,2,3.8,1,2,9,351647
811,1,3.5,5,1,6,276642
3420,3,2.7,1,1,11,683385
1582,3,3.0,2,1,8,411809
3471,4,3.8,5,1,12,747371
1254,3,2.9,4,1,4,343055
4630,2,3.5,4,1,3,840110
852,1,3.1,4,2,1,217602
1402,2,2.7,5,2,10,400412
4388,5,1.7,5,2,7,843354
658,4,2.3,5,3,4,254832
2477,3,3.9,1,3,8,574532
1456,5,3.0,2,1,3,376316
2571,3,2.7,4,2,1,491573
903,1,3.8,1,3,5,256905
3279,1,2.8,4,3,2,609082
1887,1,2.6,1,2,3,369924
3953,3,3.3,5,3,6,768724
1455,5,3.1,4,3,3,384356
2212,1,1.6,5,2,3,446311
1773,5,2.4,4,3,12,506166
4311,3,2.4,3,2,6,781906
3125,5,2.1,1,3,5,650190
2882,3,2.6,3,2,10,652906
1941,3,2.2,1,3,9,437789
3479,4,1.6,2,3,1,596614
2297,3,2.2,4,2,13,547829
4890,3,1.2,2,3,3,847471
4509,2,2.7,2,2,3,819552
1894,1,3.6,1,2,11,458974
4781,4,3.2,3,3,6,892535
1769,4,2.1,5,1,8,429797
4214,4,1.3,1,3,3,769603
1029,2,1.6,5,1,3,272846
4123,3,2.6,2,1,6,743957
3458,1,1.6,5,3,8,624653
3414,5,2.6,3,1,6,699851
4091,3,1.7,1,2,13,798700
2647,2,3.5,3,2,12,627404
3869,3,2.2,3,1,10,767223
1439,3,1.7,1,2,3,275664
1025,2,3.4,3,3,4,272614
501,4,2.0,4,2,1,174067
874,4,1.3,4,1,13,330084
2840,1,2.7,4,3,8,587823
4505,1,2.7,5,2,4,805277
3552,4,3.1,3,3,6,739087
2865,5,1.7,1,1,11,632694
2025,3,2.3,1,2,3,439072
4976,5,1.8,5,3,11,957863
2146,3,1.2,1,3,12,527204
513,4,3.6,4,2,11,299326
2778,1,3.2,3,3,6,540359
3655,1,1.9,1,3,12,701564
629,5,2.8,1,1,11,251510
4314,1,1.6,2,1,9,801181
3716,4,3.7,2,1,9,730096
3438,5,1.3,2,1,10,726362
4428,3,1.0,3,1,3,753715
2540,1,2.5,4,1,3,450402
527,2,2.7,4,2,4,183195
2613,1,2.7,4,1,12,589262
1752,3,1.2,3,3,7,367200
4856,5,1.9,3,2,3,869698
2546,3,2.5,2,3,10,538073
4523,2,1.6,1,1,8,795670
4896,4,3.6,5,1,11,970374
3874,1,1.3,5,3,8,733952
3966,5,2.5,1,3,6,772354
3581,4,3.1,2,3,4,656519
4278,3,1.8,1,2,11,813530
1129,5,2.9,1,1,12,412709
769,4,3.5,5,3,11,345685
3139,5,1.6,2,1,5,613735
2493,2,3.8,3,3,12,598198
3391,2,2.7,5,1,2,643174
3932,1,1.9,3,2,13,769981
1780,1,2.3,2,1,6,356701
2860,2,1.9,1,3,3,502142
1075,5,3.2,4,1,6,346026
1807,2,3.4,4,2,12,456659
3692,1,3.5,2,2,5,671411
3678,2,4.0,4,1,2,676208
3234,2,3.4,3,3,12,684768
2712,5,2.8,4,2,13,661337
2852,4,2.0,2,2,5,578288
4068,1,2.6,2,1,5,731298
2155,5,1.1,3,2,9,469799
2079,2,3.2,4,2,11,517433
2703,2,2.3,4,3,8,572098
1890,4,1.1,1,3,12,466381
2242,1,1.2,5,3,12,524566
2425,1,2.2,2,1,7,495298
1119,3,2.8,1,2,12,369032
1774,1,2.4,2,1,13,435014
1456,4,2.9,1,2,3,342367
2439,3,2.4,5,2,10,600188
4453,3,3.0,1,2,4,786103
2881,2,1.7,2,3,6,577596
1468,2,1.3,4,1,3,313477
1816,1,2.8,2,1,11,431385
1543,3,2.5,3,2,9,404018
781,2,1.1,3,1,8,251312
3344,4,2.1,3,3,6,670204
1558,2,1.3,3,1,4,378800
4793,2,2.6,5,2,7,880043
3032,3,2.2,4,3,13,652182
4328,3,2.8,4,3,11,827108
1508,5,3.4,2,2,3,364764
1729,4,1.9,1,1,10,413288
1535,3,3.9,2,2,8,425908
775,1,2.6,2,1,1,199555
3240,4,2.9,2,1,3,609580
2789,4,3.0,2,3,11,645497
1739,3,3.0,4,2,5,413145
625,4,2.5,1,3,5,272601
4565,3,2.3,2,2,10,877772
4812,2,1.2,4,2,2,823712
4368,5,1.1,2,3,10,811737
1708,2,2.1,3,2,8,385275
3749,3,2.0,2,2,5,697926
1418,3,2.2,2,1,7,327715
4423,2,1.4,5,2,7,792960
4903,1,3.2,3,2,5,888038
2469,1,3.6,1,3,8,515432
3293,1,3.8,2,3,9,645755
1391,3,2.5,1,2,4,340500
4970,4,3.1,3,1,4,931470
2533,3,3.6,2,1,8,540777
1864,4,2.3,5,3,1,422580
628,2,1.9,4,2,4,190036
1514,5,3.8,5,2,6,422850
2299,4,2.5,5,1,13,578967
2018,1,2.5,4,1,4,397560
4681,3,1.5,4,1,6,855157
1698,2,1.3,4,3,5,342405
4373,1,3.5,2,2,9,828350
2974,2,2.8,1,3,10,643583
3985,5,2.0,1,2,9,794593
4549,3,1.6,4,3,4,815174
4219,3,2.7,5,2,13,896055
802,5,2.8,3,1,4,265907
4452,3,1.6,4,1,12,834305
1486,4,3.6,5,1,8,427604
2363,2,1.3,5,3,10,525434
4940,1,2.1,2,1,4,793183
3572,5,3.0,2,2,2,644297
3624,4,1.8,1,3,13,729547
1827,1,3.5,1,2,13,461259
2908,1,3.2,3,3,2,531176
4173,5,3.4,3,2,1,751692
3791,4,1.4,3,2,5,685073
4533,1,1.4,3,3,6,769871
1203,1,1.9,5,3,9,350499
1074,4,2.6,5,1,5,320431
3732,3,3.2,1,1,13,778733
3132,1,3.5,2,2,6,643880
4328,2,3.1,2,2,6,794957
3730,4,3.8,4,2,3,705166
988,1,3.2,5,3,12,358083
1847,5,1.9,3,3,4,421526
4181,2,1.8,3,1,1,714465
3673,1,3.1,4,2,4,672555
2167,2,1.6,2,1,1,353191
2137,2,1.3,3,3,5,425315
4614,3,2.6,2,3,11,890129
4053,2,3.5,4,3,11,845534
1500,3,1.3,2,1,8,351782
1350,4,3.4,2,3,8,359794
1888,3,3.4,2,2,5,431487
4212,5,2.4,3,1,10,853124
1867,1,1.2,1,3,2,334181
1321,4,1.5,5,1,12,456310
954,4,3.1,2,1,6,345549
2124,5,3.1,2,3,1,442650
3272,3,3.7,2,3,7,669034
4226,1,2.7,1,1,11,829774
3647,3,1.4,4,1,4,659253
4589,2,1.4,3,3,5,787268
2690,3,3.2,1,2,6,570278
1416,4,1.6,2,1,11,408688
4486,1,2.0,1,1,1,714753
3375,3,2.5,1,2,9,680333
1940,1,1.1,1,3,10,428298
4900,1,1.7,4,3,4,831798
1235,2,2.2,5,2,8,333533
4068,2,1.8,3,3,5,733628
3838,4,1.4,4,3,11,770382
3515,5,3.2,4,1,8,733944
3389,1,3.4,5,1,1,623746
1461,5,1.8,4,1,8,403781
3489,4,3.3,1,2,11,738823
4348,1,2.2,1,3,13,828376
1526,1,2.5,2,3,11,428887
4365,5,3.6,4,1,4,804779
3363,3,3.2,2,1,2,583210
3001,2,3.4,3,2,11,630730
2447,3,1.4,1,3,6,512735
1677,5,1.2,3,2,2,369727
511,2,3.7,5,3,5,262388
4899,3,2.2,1,2,2,802388
3864,2,1.9,3,1,3,722504
3522,1,3.2,5,2,11,721626
3871,3,3.5,3,2,6,708943
3330,2,3.6,5,1,1,655415
542,2,1.9,5,3,6,197597
1443,2,3.6,1,3,3,326492
2890,3,1.1,2,1,7,558884
3045,4,1.1,5,2,2,573131
2911,3,2.9,5,2,6,585323
1504,5,1.2,1,2,8,405386
520,3,2.0,2,3,1,182072
906,2,3.0,4,2,11,337281
1514,1,2.0,4,3,11,432586
4931,3,1.5,2,2,13,936792
2338,3,1.8,3,1,9,510187
3688,2,2.4,1,1,5,707162
1214,1,2.4,2,3,5,303014
4646,1,3.3,4,3,13,895686
4354,5,3.3,5,1,12,883594
4919,3,2.4,4,1,5,877229
640,1,3.5,5,2,6,201540
1463,1,1.3,1,1,2,264290
872,4,1.8,5,3,6,289792
4135,4,3.5,2,1,11,832406
3041,1,2.1,5,3,4,546501
4110,5,3.9,3,3,8,820029
2192,1,2.4,2,2,13,544396
605,2,3.4,1,2,11,302212
2181,3,2.2,2,2,9,498062
4597,5,2.3,3,2,9,883671
4516,2,2.1,1,1,8,813667
3136,5,3.2,4,2,3,629126
2637,2,2.6,3,1,10,574601
3916,3,3.8,1,2,11,801882
4945,3,1.8,5,2,11,949785
4030,4,1.3,2,3,4,698777
1786,2,2.2,1,1,1,332694
3679,4,2.9,2,3,9,748308
4154,2,3.6,5,2,5,758783
2859,4,2.0,1,1,6,553373
944,3,3.0,4,2,3,268242
535,5,2.1,3,3,11,292373
1975,4,2.9,1,1,10,492082
4457,2,3.7,5,3,8,841089
2298,2,1.7,1,2,7,490560
2345,3,2.2,2,2,1,437208
1908,2,4.0,1,2,10,480103
2208,1,3.6,4,1,12,530803
3438,5,2.7,1,3,5,674913
1800,4,2.5,3,3,10,504924
1743,5,1.9,1,2,9,433367
4476,3,2.6,2,3,12,868510
3597,4,3.5,1,1,11,733446
509,4,3.1,4,2,12,307657
2925,1,1.9,5,2,6,566825
2160,3,1.6,1,2,8,470028
3131,2,1.8,1,1,10,634015
1572,1,1.5,3,2,1,306143
3725,1,1.3,4,2,10,713799
1816,5,2.3,5,2,11,536976
4645,5,1.3,2,2,7,866063
4183,5,1.5,1,3,3,722164
3773,1,2.6,5,2,9,705045
645,2,1.5,2,1,6,198337
3540,4,1.2,4,2,5,668053
1962,5,2.0,4,2,8,464710
2084,2,1.7,5,3,8,459547
982,3,2.5,2,2,12,351321
3679,5,1.3,4,3,12,763510
1749,4,3.3,5,1,3,368895
1130,3,3.7,4,3,2,325543
1161,3,3.2,4,2,2,315049
4003,4,2.6,4,1,5,726747
3352,5,3.6,3,2,10,728937
2966,1,3.1,2,3,12,618068
1487,4,1.0,5,1,7,363874
2046,4,2.2,5,1,8,497623
1149,4,3.6,2,3,10,401550
1468,3,2.0,2,3,8,394932
3137,2,1.1,2,1,13,654946
1600,1,3.2,2,1,12,456504
940,5,3.4,1,3,8,323788
1269,5,1.5,5,2,10,386077
1843,2,2.6,1,1,12,411557
4858,4,1.6,4,3,11,929838
4229,1,3.2,4,2,3,759943
4406,5,1.8,5,1,11,881605
2077,5,1.9,4,1,2,420569
4508,4,3.5,2,3,13,934590
3851,2,2.4,1,2,4,683173
2849,1,3.0,2,1,1,520678
4102,2,2.2,4,2,3,734022
1741,2,1.9,1,2,11,459140
1625,1,2.9,2,1,9,407037
3101,1,1.5,5,2,7,610848
1690,5,2.1,2,1,7,416465
4631,5,1.6,4,2,1,794592
4948,1,3.1,1,1,7,886514
572,3,3.8,5,3,10,336854
2414,5,4.0,1,1,7,537782
2972,3,2.4,5,1,4,574837
3546,1,1.8,1,1,7,647433
1207,5,2.3,4,2,8,385247
2304,2,3.5,5,3,3,489009
4213,1,1.6,3,2,13,835211
3064,4,3.9,1,2,10,708578
2975,3,2.0,1,1,2,521471
4110,1,4.0,2,2,7,784694
4755,1,3.5,5,1,5,860162
3323,5,3.4,3,3,5,673830
2235,5,2.0,4,2,5,503371
2085,5,1.0,2,2,7,458413
566,4,2.1,3,2,9,273860
3561,5,1.9,5,1,11,724544
2928,1,1.1,3,1,8,552923
4653,5,2.5,1,2,6,877400
841,2,2.2,1,2,7,280331
3274,5,2.9,2,3,9,698788
3317,4,2.9,5,3,11,715989
3161,2,1.4,5,3,6,625655
1732,1,3.9,3,3,1,387029
4374,1,1.6,2,3,4,740852
2901,3,2.3,5,1,8,578549
1994,2,2.5,1,3,7,449582
4711,3,3.4,3,3,3,859925
1161,2,1.3,4,2,10,351399
4383,2,2.3,1,1,3,781251
4119,4,2.9,2,3,11,861736
2368,3,1.6,5,3,3,467092
2834,4,2.9,1,3,12,646579
3874,2,3.8,4,2,1,684169
1516,1,4.0,4,2,10,402958
4906,2,1.1,2,2,1,779131
707,4,1.7,1,3,6,259890
3165,3,1.9,3,2,1,570307
2993,3,2.2,1,3,5,593749
1132,4,1.7,4,1,4,348932
2602,3,1.6,2,3,5,523297
3459,5,3.9,2,2,7,697591
3583,1,3.8,3,1,6,703152
2431,1,1.1,2,3,12,514019
4219,1,2.0,2,1,9,810816
3062,3,2.2,2,1,6,555871
2179,3,1.7,2,1,9,474419
736,2,2.9,2,3,4,245342
4943,2,2.9,4,2,1,864500
2040,1,3.6,1,3,1,380460
4443,5,3.2,5,2,10,878284
863,2,2.6,2,3,7,280417
2868,2,3.0,5,3,13,697379
785,3,1.8,5,3,13,307982
648,5,2.8,4,2,13,338917
4537,1,2.5,2,3,3,782253
2266,2,1.4,5,1,2,412981
1512,5,1.7,2,3,6,365312
3331,5,1.9,3,1,6,651482
3007,1,3.8,3,2,13,674904
2023,5,1.7,3,2,7,466048
3285,5,1.9,5,3,5,684561
3056,5,2.1,3,3,8,655752
4225,2,3.0,4,3,7,805413
2101,1,1.4,4,1,2,409703
2908,5,3.9,5,2,1,593716
840,5,3.6,2,1,13,364136
3317,2,2.7,1,1,9,650786
2996,1,3.0,2,3,5,550811
2225,3,1.0,2,3,12,557847
2189,2,2.0,2,1,11,519964
3767,1,3.4,2,1,5,637858
4906,5,1.2,1,3,12,964562
761,1,1.8,3,3,10,245831
1942,1,2.8,2,1,4,406713
905,1,1.8,4,3,2,177669
2690,3,3.8,5,3,5,565937
4937,1,1.4,5,1,2,846368
743,3,3.4,4,1,12,363382
4607,5,2.5,2,2,7,870685
1060,3,3.3,1,1,11,372249
4637,5,1.9,3,3,9,859778
3225,5,2.5,5,1,9,700016
1093,3,3.6,3,1,11,392969
2326,2,2.4,1,1,6,524294
3729,4,2.1,5,2,1,659385
3787,1,2.6,3,2,13,768376
4573,4,3.2,1,3,6,849512
633,1,2.3,3,2,5,224421
3638,1,3.8,2,1,4,683310
4419,5,1.9,1,2,12,893568
572,1,2.4,3,1,6,229559
4994,1,3.3,2,2,6,854977
4725,3,3.1,2,2,6,808986
3478,4,3.6,1,2,2,636412
4861,3,4.0,4,1,7,911441
2485,1,2.3,5,2,4,475984
1292,5,1.3,1,1,13,392106
4759,3,1.1,2,1,12,886625
594,3,3.2,2,3,9,287648
1633,2,3.6,1,2,10,409276
737,1,1.7,4,3,2,193493
3446,5,1.5,5,3,5,671996
3030,3,1.2,3,1,4,571593
2460,3,3.5,1,2,9,575738
1548,5,1.9,5,1,4,412382
3029,1,2.2,5,1,8,590430
3464,2,2.5,2,2,8,633100
1463,3,3.5,3,1,6,375111
1036,2,3.0,1,2,6,259627
4723,4,2.8,2,2,11,971141
4179,1,1.5,2,1,8,734892
4687,4,2.5,4,1,12,934826
4224,4,3.1,5,3,13,902781
1042,4,3.9,1,1,12,389612
1345,1,1.6,1,2,10,388284
4103,1,1.0,1,3,9,740400
3536,5,1.2,2,2,5,647702
2994,2,2.1,4,3,11,621867
4985,2,3.5,3,1,1,863250
3219,5,1.0,2,1,1,567054
2384,5,2.4,3,1,2,463870
4638,4,2.0,4,2,10,900526
4849,5,1.2,5,3,10,943534
3701,3,2.4,1,2,5,687576
3210,2,1.8,3,3,4,610491
2453,5,2.1,2,1,1,474211
4350,3,3.1,3,2,4,778127
1189,3,2.6,5,1,4,331578
2450,3,1.4,1,2,10,511698
956,3,3.9,3,1,4,267322
2630,4,2.9,5,2,1,542118
4476,3,3.3,2,2,9,849943
4744,4,1.2,4,3,3,861913
1679,4,1.1,2,1,13,468481
4785,3,1.1,1,3,4,809773
4065,2,1.6,2,3,5,732474
1382,3,2.2,2,1,13,463867
899,3,3.8,2,2,13,382935
1108,3,2.4,2,3,7,332833
2138,2,1.9,1,1,6,425305
2648,1,2.7,5,2,5,565591
1882,1,1.3,3,3,8,442158
1903,4,2.8,4,3,1,394738
1319,4,2.7,3,3,7,409958
3792,2,3.4,3,2,12,784095
1319,5,4.0,4,3,6,380042
919,1,1.8,1,2,11,283879
4719,4,2.5,4,3,5,881904
3802,1,3.7,1,1,7,697129
2008,2,3.4,3,3,3,404137
1267,2,2.5,1,1,1,256772
2544,5,3.8,5,1,9,600809
2639,5,1.2,4,1,2,493383
3529,2,3.8,5,2,13,758271
2049,4,1.2,3,1,10,501688
2264,1,2.6,4,3,3,452730
3145,3,3.7,3,2,8,647937
4216,5,1.8,5,1,12,848843
4981,3,2.4,3,2,10,931516
2793,4,2.0,4,2,9,603461
3208,5,3.9,4,2,13,744296
1400,3,3.5,3,3,3,364104
3584,4,3.1,4,1,6,711040
2509,1,2.8,4,2,7,528879
741,4,3.5,3,2,1,263185
2885,5,2.2,5,2,7,654283
4768,2,2.3,4,1,4,808080
1171,1,3.2,4,2,5,278071
663,3,2.1,4,2,8,259961
964,5,1.2,4,3,4,297262
3542,2,1.2,3,1,4,634819
2942,4,1.3,5,3,8,635881
2855,2,3.6,5,1,5,572402
4778,5,2.4,1,1,13,901565
3057,5,3.1,4,1,6,610714
1045,2,2.2,4,3,12,370044
4335,4,1.8,1,3,11,862485
1093,2,2.0,5,3,5,259814
4304,5,3.4,2,3,1,803813
1959,5,2.9,2,2,7,482642
3993,3,3.8,5,2,6,775541
3101,3,3.0,4,2,2,573613
2944,1,2.7,2,1,11,646923
3172,5,2.8,3,2,7,676740
4700,3,3.8,3,1,6,879816
516,2,3.4,1,3,5,197771
3691,4,1.1,5,1,8,750433
892,2,2.6,5,1,5,271407
924,4,3.1,2,2,11,357080
1071,3,3.2,4,3,2,289111
4131,1,1.6,5,3,6,732338
1620,2,3.6,2,2,12,459394
741,2,3.9,2,3,1,232588
4397,2,1.7,5,3,5,780217
4595,4,3.6,2,3,6,866931
2779,3,1.3,1,2,7,548519
1288,2,1.2,1,3,2,283502
1214,2,1.4,5,1,1,255121
3349,1,1.2,4,1,6,617881
1275,1,3.5,1,3,3,306493
4526,3,1.2,1,2,5,781468
2747,3,1.8,5,2,12,603542
578,5,1.3,3,2,11,273947
4426,1,1.9,2,3,13,859583
1355,5,1.3,1,3,2,302043
2648,4,3.0,3,1,1,505228
1531,5,1.4,4,2,1,348732
3771,2,3.6,3,1,13,808039
4076,5,3.5,5,1,11,875734
4682,3,1.0,4,2,4,801049
3956,4,3.7,4,3,10,836354
4006,2,1.1,3,3,13,833099
907,5,1.7,5,1,2,262071
3211,4,1.1,1,1,1,554683
3588,4,2.0,3,1,6,680564
2168,2,2.5,1,1,4,409424
647,5,3.4,3,2,10,335895
4827,4,2.0,1,1,13,930672
4397,4,3.1,3,1,12,881055
2450,1,1.6,4,3,7,514246
865,4,3.3,2,3,11,363839
2174,1,1.7,4,3,6,438583
4994,5,1.4,1,2,5,869560
3046,5,1.6,5,2,10,649472
1062,5,1.5,4,3,12,423070
4062,3,2.5,2,3,13,855342
2989,5,3.5,1,1,12,692990
